[
  {
    "id": "k1",
    "text": "Sydney Opera House is in Sydney Harbour",
    "topic": "australia",
    "source": "mock",
    "agent": "Coordinator",
    "confidence": 0.9,
    "ts": 1765646283.097888,
    "extra": {}
  },
  {
    "id": "k1",
    "text": "Sydney Opera House is in Sydney Harbour",
    "topic": "australia",
    "source": "mock",
    "agent": "Coordinator",
    "confidence": 0.9,
    "ts": 1765646292.6661131,
    "extra": {}
  },
  {
    "id": "fact_fdb6b0f9",
    "text": "Answer (from mock web KB):\n- Sydney Opera House Location: The Sydney Opera House is located at Bennelong Point in Sydney Harbour, Sydney, New South Wales, Australia.\n- Largest City of Australia: Sydney is commonly regarded as Australia's largest city by population.",
    "topic": "sydney",
    "source": "system:coordinator",
    "agent": "Coordinator",
    "confidence": 0.7,
    "ts": 1765646342.988536,
    "extra": {
      "plan": [
        "RESEARCH"
      ]
    }
  },
  {
    "id": "fact_9103b0d9",
    "text": "Answer (from mock web KB):\n- Sydney Opera House Location: The Sydney Opera House is located at Bennelong Point in Sydney Harbour, Sydney, New South Wales, Australia.\n- Largest City of Australia: Sydney is commonly regarded as Australia's largest city by population.",
    "topic": "sydney",
    "source": "system:coordinator",
    "agent": "Coordinator",
    "confidence": 0.7,
    "ts": 1765646529.508156,
    "extra": {
      "plan": [
        "RESEARCH"
      ]
    }
  },
  {
    "id": "fact_a6f6f35b",
    "text": "Answer (from mock web KB):\n- States and Territories of Australia: Australia has six states (New South Wales, Victoria, Queensland, Western Australia, South Australia, Tasmania) and two main mainland territories (Northern Territory and Australian Capital Territory).\n- Kangaroos in Australia: Kangaroos are marsupials native to Australia and are one of the country's most well-known animals.",
    "topic": "general",
    "source": "system:coordinator",
    "agent": "Coordinator",
    "confidence": 0.7,
    "ts": 1765646901.377629,
    "extra": {
      "plan": [
        "RESEARCH"
      ]
    }
  },
  {
    "id": "fact_d69d5a68",
    "text": "Comparison (from retrieved docs):\n- A: States and Territories of Australia: Australia has six states (New South Wales, Victoria, Queensland, Western Australia, South Australia, Tasmania) and two main mainland territories (Northern Territory and Australian Capital Territory).\n- B: Kangaroos in Australia: Kangaroos are marsupials native to Australia and are one of the country's most well-known animals.\n\nSimple recommendation:\n- Choose the one that matches your goal (speed/simplicity vs accuracy/power).",
    "topic": "general",
    "source": "system:coordinator",
    "agent": "Coordinator",
    "confidence": 0.7,
    "ts": 1765646914.5558574,
    "extra": {
      "plan": [
        "RESEARCH",
        "ANALYZE"
      ]
    }
  },
  {
    "id": "fact_0109b1dc",
    "text": "Answer (from mock web KB):\n- Capital of Australia: The capital city of Australia is Canberra, in the Australian Capital Territory (ACT).\n- Melbourne Location: Melbourne is the capital city of the state of Victoria, in southeast Australia.",
    "topic": "australia",
    "source": "system:coordinator",
    "agent": "Coordinator",
    "confidence": 0.7,
    "ts": 1765647588.0005288,
    "extra": {
      "plan": [
        "RESEARCH"
      ]
    }
  },
  {
    "id": "fact_fa9bba4e",
    "text": "Comparison (from retrieved docs):\n- A: Sydney Opera House Location: The Sydney Opera House is located at Bennelong Point in Sydney Harbour, Sydney, New South Wales, Australia.\n- B: Largest City of Australia: Sydney is commonly regarded as Australia's largest city by population.\n\nSimple recommendation:\n- Choose the one that matches your goal (speed/simplicity vs accuracy/power).",
    "topic": "sydney",
    "source": "system:coordinator",
    "agent": "Coordinator",
    "confidence": 0.7,
    "ts": 1765647588.0061462,
    "extra": {
      "plan": [
        "RESEARCH",
        "ANALYZE"
      ]
    }
  },
  {
    "id": "fact_39bb130a",
    "text": "Memory matches:\n- [australia] Answer (from mock web KB):\n- Capital of Australia: The capital city of Australia is Canberra, in the Australian Capital Territory (ACT).\n- Melbourne Location: Melbourne is the capital city of the state of Victoria, in southeast Australia. (score=0.66)\n- [general] Answer (from mock web KB):\n- States and Territories of Australia: Australia has six states (New South Wales, Victoria, Queensland, Western Australia, South Australia, Tasmania) and two main mainland territories (Northern Territory and Australian Capital Territory).\n- Kangaroos in Australia: Kangaroos are marsupials native to Australia and are one of the country's most well-known animals. (score=0.40)\n- [general] Comparison (from retrieved docs):\n- A: States and Territories of Australia: Australia has six states (New South Wales, Victoria, Queensland, Western Australia, South Australia, Tasmania) and two main mainland territories (Northern Territory and Australian Capital Territory).\n- B: Kangaroos in Australia: Kangaroos are marsupials native to Australia and are one of the country's most well-known animals.\n\nSimple recommendation:\n- Choose the one that matches your goal (speed/simplicity vs accuracy/power). (score=0.36)",
    "topic": "australia",
    "source": "system:coordinator",
    "agent": "Coordinator",
    "confidence": 0.7,
    "ts": 1765647588.022264,
    "extra": {
      "plan": [
        "MEMORY_LOOKUP"
      ]
    }
  },
  {
    "id": "fact_73293cf3",
    "text": "Summary (from retrieved docs):\n- Languages in Australia: English is the main language spoken in Australia, and there are also many Indigenous Australian languages.\n- States and Territories of Australia: Australia has six states (New South Wales, Victoria, Queensland, Western Australia, South Australia, Tasmania) and two main mainland territories (Northern Territory and Australian Capital Territory).\n- Kangaroos in Australia: Kangaroos are marsupials native to Australia and are one of the country's most well-known animals.",
    "topic": "australia",
    "source": "system:coordinator",
    "agent": "Coordinator",
    "confidence": 0.7,
    "ts": 1765647588.0271726,
    "extra": {
      "plan": [
        "RESEARCH",
        "ANALYZE"
      ]
    }
  },
  {
    "id": "fact_800847ab",
    "text": "Comparison (from retrieved docs):\n- A: Great Barrier Reef Location: The Great Barrier Reef is off the coast of Queensland in the Coral Sea, northeast Australia.\n- B: Uluru Location: Uluru (Ayers Rock) is a large sandstone monolith in the southern part of the Northern Territory, central Australia.\n\nSimple recommendation:\n- Choose the one that matches your goal (speed/simplicity vs accuracy/power).",
    "topic": "general",
    "source": "system:coordinator",
    "agent": "Coordinator",
    "confidence": 0.7,
    "ts": 1765647588.0325968,
    "extra": {
      "plan": [
        "RESEARCH",
        "ANALYZE"
      ]
    }
  },
  {
    "id": "fact_c4fd8fb6",
    "text": "Answer (from mock web KB):\n- Main types of Neural Networks (Mock): Common neural network types include feedforward (MLP), CNNs for images, RNN/LSTM/GRU for sequences, and Transformers for attention-based sequence modeling.\n- Kangaroos in Australia: Kangaroos are marsupials native to Australia and are one of the country's most well-known animals.",
    "topic": "general",
    "source": "system:coordinator",
    "agent": "Coordinator",
    "confidence": 0.7,
    "ts": 1765648468.1440482,
    "extra": {
      "plan": [
        "RESEARCH"
      ]
    }
  },
  {
    "id": "fact_ca548fc2",
    "text": "Comparison (from retrieved docs):\n- A: Transformer Efficiency Trade-offs (Mock): Standard self-attention scales O(n^2) with sequence length. Efficiency methods include sparse attention, sliding window attention, low-rank approximations, and chunking—often trading global context or accuracy for speed/memory savings.\n- B: Transformer Architectures (Mock): Transformer variants include encoder-only (BERT-like), decoder-only (GPT-like), and encoder-decoder (T5-like). They use self-attention to model relationships between tokens.\n\nSimple recommendation:\n- Choose the one that matches your goal (speed/simplicity vs accuracy/power).",
    "topic": "general",
    "source": "system:coordinator",
    "agent": "Coordinator",
    "confidence": 0.7,
    "ts": 1765648468.1527493,
    "extra": {
      "plan": [
        "RESEARCH",
        "ANALYZE"
      ]
    }
  },
  {
    "id": "fact_7a28538c",
    "text": "Memory matches:\n- [general] Answer (from mock web KB):\n- Main types of Neural Networks (Mock): Common neural network types include feedforward (MLP), CNNs for images, RNN/LSTM/GRU for sequences, and Transformers for attention-based sequence modeling.\n- Kangaroos in Australia: Kangaroos are marsupials native to Australia and are one of the country's most well-known animals. (score=0.38)\n- [australia] Sydney Opera House is in Sydney Harbour (score=0.00)\n- [australia] Sydney Opera House is in Sydney Harbour (score=0.00)",
    "topic": "general",
    "source": "system:coordinator",
    "agent": "Coordinator",
    "confidence": 0.7,
    "ts": 1765648468.1606643,
    "extra": {
      "plan": [
        "MEMORY_LOOKUP"
      ]
    }
  },
  {
    "id": "fact_54eecb14",
    "text": "Summary (from retrieved docs):\n- Reinforcement Learning Papers & Trends (Mock): Modern RL work often uses policy-gradient methods (e.g., PPO), actor-critic methods (e.g., SAC), and model-based RL. Common challenges: sample inefficiency, instability, reward design, and sim-to-real transfer.\n- Main types of Neural Networks (Mock): Common neural network types include feedforward (MLP), CNNs for images, RNN/LSTM/GRU for sequences, and Transformers for attention-based sequence modeling.\n- Comparing Two ML Approaches (Mock): SVMs can perform well on smaller structured datasets with good features. Neural networks often scale better with large data and unstructured inputs (images/text), but need more tuning and compute.",
    "topic": "general",
    "source": "system:coordinator",
    "agent": "Coordinator",
    "confidence": 0.7,
    "ts": 1765648468.169863,
    "extra": {
      "plan": [
        "RESEARCH",
        "ANALYZE"
      ]
    }
  },
  {
    "id": "fact_b4b3e1ec",
    "text": "Comparison (from retrieved docs):\n- A: Comparing Two ML Approaches (Mock): SVMs can perform well on smaller structured datasets with good features. Neural networks often scale better with large data and unstructured inputs (images/text), but need more tuning and compute.\n- B: Main types of Neural Networks (Mock): Common neural network types include feedforward (MLP), CNNs for images, RNN/LSTM/GRU for sequences, and Transformers for attention-based sequence modeling.\n\nSimple recommendation:\n- Choose the one that matches your goal (speed/simplicity vs accuracy/power).",
    "topic": "general",
    "source": "system:coordinator",
    "agent": "Coordinator",
    "confidence": 0.7,
    "ts": 1765648468.178389,
    "extra": {
      "plan": [
        "RESEARCH",
        "ANALYZE"
      ]
    }
  },
  {
    "id": "fact_cfcdb6ee",
    "text": "Answer (from mock web KB):\n- Main types of Neural Networks (Mock): Common neural network types include feedforward (MLP), CNNs for images, RNN/LSTM/GRU for sequences, and Transformers for attention-based sequence modeling.\n- Kangaroos in Australia: Kangaroos are marsupials native to Australia and are one of the country's most well-known animals.",
    "topic": "general",
    "source": "system:coordinator",
    "agent": "Coordinator",
    "confidence": 0.7,
    "ts": 1765650212.087952,
    "extra": {
      "plan": [
        "RESEARCH"
      ]
    }
  },
  {
    "id": "fact_8883ba04",
    "text": "Answer (from mock web KB):\n- Transformer Architectures (Mock): Transformer variants include encoder-only (BERT-like), decoder-only (GPT-like), and encoder-decoder (T5-like). They use self-attention to model relationships between tokens.\n- Uluru Location: Uluru (Ayers Rock) is a large sandstone monolith in the southern part of the Northern Territory, central Australia.",
    "topic": "general",
    "source": "system:coordinator",
    "agent": "Coordinator",
    "confidence": 0.7,
    "ts": 1765650221.7163923,
    "extra": {
      "plan": [
        "RESEARCH"
      ]
    }
  },
  {
    "id": "fact_f7e4647d",
    "text": "Answer (from mock web KB):\n- Transformer Efficiency Trade-offs (Mock): Standard self-attention scales O(n^2) with sequence length. Efficiency methods include sparse attention, sliding window attention, low-rank approximations, and chunking—often trading global context or accuracy for speed/memory savings.\n- Transformer Architectures (Mock): Transformer variants include encoder-only (BERT-like), decoder-only (GPT-like), and encoder-decoder (T5-like). They use self-attention to model relationships between tokens.",
    "topic": "general",
    "source": "system:coordinator",
    "agent": "Coordinator",
    "confidence": 0.7,
    "ts": 1765650229.8418868,
    "extra": {
      "plan": [
        "RESEARCH"
      ]
    }
  },
  {
    "id": "fact_0a94882e",
    "text": "Answer (from mock web KB):\n- Comparing Two ML Approaches (Mock): SVMs can perform well on smaller structured datasets with good features. Neural networks often scale better with large data and unstructured inputs (images/text), but need more tuning and compute.\n- Main types of Neural Networks (Mock): Common neural network types include feedforward (MLP), CNNs for images, RNN/LSTM/GRU for sequences, and Transformers for attention-based sequence modeling.",
    "topic": "general",
    "source": "system:coordinator",
    "agent": "Coordinator",
    "confidence": 0.7,
    "ts": 1765650240.784873,
    "extra": {
      "plan": [
        "RESEARCH"
      ]
    }
  },
  {
    "id": "fact_4af09194",
    "text": "Answer (from mock web KB):\n- Main types of Neural Networks (Mock): Common neural network types include feedforward (MLP), CNNs for images, RNN/LSTM/GRU for sequences, and Transformers for attention-based sequence modeling.\n- Comparing Two ML Approaches (Mock): SVMs can perform well on smaller structured datasets with good features. Neural networks often scale better with large data and unstructured inputs (images/text), but need more tuning and compute.",
    "topic": "general",
    "source": "system:coordinator",
    "agent": "Coordinator",
    "confidence": 0.7,
    "ts": 1765650250.277762,
    "extra": {
      "plan": [
        "RESEARCH"
      ]
    }
  },
  {
    "id": "fact_94c6277a",
    "text": "Answer (from mock web KB):\n- Main types of Neural Networks (Mock): Common neural network types include feedforward (MLP), CNNs for images, RNN/LSTM/GRU for sequences, and Transformers for attention-based sequence modeling.\n- Kangaroos in Australia: Kangaroos are marsupials native to Australia and are one of the country's most well-known animals.",
    "topic": "general",
    "source": "system:coordinator",
    "agent": "Coordinator",
    "confidence": 0.7,
    "ts": 1765650369.0900464,
    "extra": {
      "plan": [
        "RESEARCH"
      ]
    }
  },
  {
    "id": "fact_8d2bfbdc",
    "text": "Answer (from mock web KB):\n- Transformer Architectures (Mock): Transformer variants include encoder-only (BERT-like), decoder-only (GPT-like), and encoder-decoder (T5-like). They use self-attention to model relationships between tokens.\n- Uluru Location: Uluru (Ayers Rock) is a large sandstone monolith in the southern part of the Northern Territory, central Australia.",
    "topic": "general",
    "source": "system:coordinator",
    "agent": "Coordinator",
    "confidence": 0.7,
    "ts": 1765650376.8257587,
    "extra": {
      "plan": [
        "RESEARCH"
      ]
    }
  },
  {
    "id": "fact_5878a5c1",
    "text": "Comparison (from retrieved docs):\n- A: Transformer Efficiency Trade-offs (Mock): Standard self-attention scales O(n^2) with sequence length. Efficiency methods include sparse attention, sliding window attention, low-rank approximations, and chunking—often trading global context or accuracy for speed/memory savings.\n- B: Transformer Architectures (Mock): Transformer variants include encoder-only (BERT-like), decoder-only (GPT-like), and encoder-decoder (T5-like). They use self-attention to model relationships between tokens.\n\nSimple recommendation:\n- Choose the one that matches your goal (speed/simplicity vs accuracy/power).",
    "topic": "general",
    "source": "system:coordinator",
    "agent": "Coordinator",
    "confidence": 0.7,
    "ts": 1765650385.8444428,
    "extra": {
      "plan": [
        "RESEARCH",
        "ANALYZE"
      ]
    }
  },
  {
    "id": "fact_41974382",
    "text": "Comparison (from retrieved docs):\n- A: Comparing Two ML Approaches (Mock): SVMs can perform well on smaller structured datasets with good features. Neural networks often scale better with large data and unstructured inputs (images/text), but need more tuning and compute.\n- B: Main types of Neural Networks (Mock): Common neural network types include feedforward (MLP), CNNs for images, RNN/LSTM/GRU for sequences, and Transformers for attention-based sequence modeling.\n\nSimple recommendation:\n- Choose the one that matches your goal (speed/simplicity vs accuracy/power).",
    "topic": "general",
    "source": "system:coordinator",
    "agent": "Coordinator",
    "confidence": 0.7,
    "ts": 1765650398.9080238,
    "extra": {
      "plan": [
        "RESEARCH",
        "ANALYZE"
      ]
    }
  },
  {
    "id": "fact_732ebaef",
    "text": "Memory matches:\n- [general] Answer (from mock web KB):\n- Main types of Neural Networks (Mock): Common neural network types include feedforward (MLP), CNNs for images, RNN/LSTM/GRU for sequences, and Transformers for attention-based sequence modeling.\n- Comparing Two ML Approaches (Mock): SVMs can perform well on smaller structured datasets with good features. Neural networks often scale better with large data and unstructured inputs (images/text), but need more tuning and compute. (score=0.41)\n- [general] Answer (from mock web KB):\n- Comparing Two ML Approaches (Mock): SVMs can perform well on smaller structured datasets with good features. Neural networks often scale better with large data and unstructured inputs (images/text), but need more tuning and compute.\n- Main types of Neural Networks (Mock): Common neural network types include feedforward (MLP), CNNs for images, RNN/LSTM/GRU for sequences, and Transformers for attention-based sequence modeling. (score=0.41)\n- [general] Comparison (from retrieved docs):\n- A: Comparing Two ML Approaches (Mock): SVMs can perform well on smaller structured datasets with good features. Neural networks often scale better with large data and unstructured inputs (images/text), but need more tuning and compute.\n- B: Main types of Neural Networks (Mock): Common neural network types include feedforward (MLP), CNNs for images, RNN/LSTM/GRU for sequences, and Transformers for attention-based sequence modeling.\n\nSimple recommendation:\n- Choose the one that matches your goal (speed/simplicity vs accuracy/power). (score=0.39)",
    "topic": "general",
    "source": "system:coordinator",
    "agent": "Coordinator",
    "confidence": 0.7,
    "ts": 1765650408.0197184,
    "extra": {
      "plan": [
        "MEMORY_LOOKUP"
      ]
    }
  },
  {
    "id": "fact_3da4dd35",
    "text": "Memory matches:\n- [general] Answer (from mock web KB):\n- Main types of Neural Networks (Mock): Common neural network types include feedforward (MLP), CNNs for images, RNN/LSTM/GRU for sequences, and Transformers for attention-based sequence modeling.\n- Kangaroos in Australia: Kangaroos are marsupials native to Australia and are one of the country's most well-known animals. (score=0.15)\n- [general] Answer (from mock web KB):\n- Main types of Neural Networks (Mock): Common neural network types include feedforward (MLP), CNNs for images, RNN/LSTM/GRU for sequences, and Transformers for attention-based sequence modeling.\n- Kangaroos in Australia: Kangaroos are marsupials native to Australia and are one of the country's most well-known animals. (score=0.15)\n- [general] Answer (from mock web KB):\n- Main types of Neural Networks (Mock): Common neural network types include feedforward (MLP), CNNs for images, RNN/LSTM/GRU for sequences, and Transformers for attention-based sequence modeling.\n- Kangaroos in Australia: Kangaroos are marsupials native to Australia and are one of the country's most well-known animals. (score=0.15)",
    "topic": "general",
    "source": "system:coordinator",
    "agent": "Coordinator",
    "confidence": 0.7,
    "ts": 1765650419.5612214,
    "extra": {
      "plan": [
        "MEMORY_LOOKUP"
      ]
    }
  },
  {
    "id": "fact_d2df0dd6",
    "text": "Comparison (from retrieved docs):\n- A: Comparing Two ML Approaches (Mock): SVMs can perform well on smaller structured datasets with good features. Neural networks often scale better with large data and unstructured inputs (images/text), but need more tuning and compute.\n- B: Kangaroos in Australia: Kangaroos are marsupials native to Australia and are one of the country's most well-known animals.\n\nSimple recommendation:\n- Choose the one that matches your goal (speed/simplicity vs accuracy/power).",
    "topic": "general",
    "source": "system:coordinator",
    "agent": "Coordinator",
    "confidence": 0.7,
    "ts": 1765650429.2275102,
    "extra": {
      "plan": [
        "RESEARCH",
        "ANALYZE"
      ]
    }
  }
]