[
  
{
  "id": "nn_types",
  "title": "Main types of Neural Networks (Mock)",
  "url": "mock://nn_types",
  "topics": ["neural networks", "ml", "cnn", "rnn", "transformer"],
  "content": "Common neural network types include feedforward (MLP), CNNs for images, RNN/LSTM/GRU for sequences, and Transformers for attention-based sequence modeling."
},
{
  "id": "transformer_arch",
  "title": "Transformer Architectures (Mock)",
  "url": "mock://transformer_arch",
  "topics": ["transformer", "architecture", "encoder", "decoder"],
  "content": "Transformer variants include encoder-only (BERT-like), decoder-only (GPT-like), and encoder-decoder (T5-like). They use self-attention to model relationships between tokens."
},
{
  "id": "transformer_efficiency",
  "title": "Transformer Efficiency Trade-offs (Mock)",
  "url": "mock://transformer_efficiency",
  "topics": ["transformer", "efficiency", "attention", "trade-offs"],
  "content": "Standard self-attention scales O(n^2) with sequence length. Efficiency methods include sparse attention, sliding window attention, low-rank approximations, and chunking—often trading global context or accuracy for speed/memory savings."
},
{
  "id": "rl_recent",
  "title": "Reinforcement Learning Papers & Trends (Mock)",
  "url": "mock://rl_recent",
  "topics": ["reinforcement learning", "rl", "ppo", "sac", "methodology", "challenges"],
  "content": "Modern RL work often uses policy-gradient methods (e.g., PPO), actor-critic methods (e.g., SAC), and model-based RL. Common challenges: sample inefficiency, instability, reward design, and sim-to-real transfer."
},
{
  "id": "ml_compare",
  "title": "Comparing Two ML Approaches (Mock)",
  "url": "mock://ml_compare",
  "topics": ["compare", "svm", "neural network", "ml"],
  "content": "SVMs can perform well on smaller structured datasets with good features. Neural networks often scale better with large data and unstructured inputs (images/text), but need more tuning and compute."
},

    {
    "id": "aus_opera_house",
    "title": "Sydney Opera House Location",
    "url": "mock://aus_opera_house",
    "topics": ["sydney", "opera house", "nsw", "landmark"],
    "content": "The Sydney Opera House is located at Bennelong Point in Sydney Harbour, Sydney, New South Wales, Australia."
  },
  {
    "id": "aus_capital",
    "title": "Capital of Australia",
    "url": "mock://aus_capital",
    "topics": ["capital", "canberra", "act"],
    "content": "The capital city of Australia is Canberra, in the Australian Capital Territory (ACT)."
  },
  {
    "id": "aus_largest_city",
    "title": "Largest City of Australia",
    "url": "mock://aus_largest_city",
    "topics": ["largest city", "sydney", "population"],
    "content": "Sydney is commonly regarded as Australia's largest city by population."
  },
  {
    "id": "aus_states_territories",
    "title": "States and Territories of Australia",
    "url": "mock://aus_states_territories",
    "topics": ["states", "territories", "australia"],
    "content": "Australia has six states (New South Wales, Victoria, Queensland, Western Australia, South Australia, Tasmania) and two main mainland territories (Northern Territory and Australian Capital Territory)."
  },
  {
    "id": "aus_uluru_location",
    "title": "Uluru Location",
    "url": "mock://aus_uluru_location",
    "topics": ["uluru", "ayers rock", "northern territory", "landmark"],
    "content": "Uluru (Ayers Rock) is a large sandstone monolith in the southern part of the Northern Territory, central Australia."
  },
  {
    "id": "aus_great_barrier_reef",
    "title": "Great Barrier Reef Location",
    "url": "mock://aus_great_barrier_reef",
    "topics": ["great barrier reef", "queensland", "reef", "marine"],
    "content": "The Great Barrier Reef is off the coast of Queensland in the Coral Sea, northeast Australia."
  },
  {
    "id": "aus_kangaroo",
    "title": "Kangaroos in Australia",
    "url": "mock://aus_kangaroo",
    "topics": ["kangaroo", "marsupial", "wildlife"],
    "content": "Kangaroos are marsupials native to Australia and are one of the country's most well-known animals."
  },
  {
    "id": "aus_koala",
    "title": "Koalas in Australia",
    "url": "mock://aus_koala",
    "topics": ["koala", "marsupial", "wildlife", "eucalyptus"],
    "content": "Koalas are arboreal marsupials native to Australia, known for eating eucalyptus leaves."
  },
  {
    "id": "aus_languages",
    "title": "Languages in Australia",
    "url": "mock://aus_languages",
    "topics": ["language", "english", "indigenous"],
    "content": "English is the main language spoken in Australia, and there are also many Indigenous Australian languages."
  },
  {
    "id": "aus_currency",
    "title": "Currency of Australia",
    "url": "mock://aus_currency",
    "topics": ["currency", "aud", "money"],
    "content": "Australia's currency is the Australian Dollar (AUD)."
  },
  {
    "id": "aus_timezones",
    "title": "Australian Time Zones (Basic)",
    "url": "mock://aus_timezones",
    "topics": ["time zones", "aest", "acst", "awst"],
    "content": "Australia uses multiple time zones including Australian Eastern (AEST), Central (ACST), and Western (AWST)."
  },
  {
    "id": "aus_climate_general",
    "title": "Climate in Australia (General)",
    "url": "mock://aus_climate_general",
    "topics": ["climate", "weather", "seasons"],
    "content": "Australia’s climate varies widely, with tropical regions in the north, arid and semi-arid interiors, and temperate climates in the south."
  },
  {
    "id": "aus_federation",
    "title": "Federation of Australia",
    "url": "mock://aus_federation",
    "topics": ["history", "federation", "1901"],
    "content": "Australia became a federation on 1 January 1901, when the colonies formed the Commonwealth of Australia."
  },
  {
    "id": "aus_parliament",
    "title": "Parliament House Location",
    "url": "mock://aus_parliament",
    "topics": ["parliament", "canberra", "government"],
    "content": "Australia’s Parliament House is located in Canberra, Australian Capital Territory (ACT)."
  },
  {
    "id": "aus_melbourne",
    "title": "Melbourne Location",
    "url": "mock://aus_melbourne",
    "topics": ["melbourne", "victoria", "city"],
    "content": "Melbourne is the capital city of the state of Victoria, in southeast Australia."
  },
  {
    "id": "aus_brisbane",
    "title": "Brisbane Location",
    "url": "mock://aus_brisbane",
    "topics": ["brisbane", "queensland", "city"],
    "content": "Brisbane is the capital city of Queensland, located in northeast Australia."
  },
  {
    "id": "aus_perth",
    "title": "Perth Location",
    "url": "mock://aus_perth",
    "topics": ["perth", "western australia", "city"],
    "content": "Perth is the capital city of Western Australia, located on Australia’s west coast."
  },
  {
    "id": "aus_hobart",
    "title": "Hobart Location",
    "url": "mock://aus_hobart",
    "topics": ["hobart", "tasmania", "city"],
    "content": "Hobart is the capital city of Tasmania, located on the island state south of mainland Australia."
  },
  {
    "id": "aus_adelaide",
    "title": "Adelaide Location",
    "url": "mock://aus_adelaide",
    "topics": ["adelaide", "south australia", "city"],
    "content": "Adelaide is the capital city of South Australia, located on the southern coast."
  }
]
